{
  "benchmarks": {
    "50": {
      "HashProjection": {
        "backend_name": "HashProjection",
        "n_events": 50,
        "encoding_time_s": 0.004764214998431271,
        "events_per_sec": 10494.908398647767,
        "raw_storage_bytes": 25600,
        "raw_storage_kb": 25.0,
        "assoc_storage_bytes": 25600,
        "assoc_storage_kb": 25.0,
        "n_patterns": 50,
        "assoc_vs_float32_ratio": 1.0,
        "similar_pair_sim": -0.20879578590393066,
        "dissimilar_pair_sim": -0.10538741201162338,
        "discrimination_gap": -0.10340837389230728,
        "false_positive_rate": 0.0,
        "bytes_per_unique_event": 512.0
      },
      "TFIDF_SVD": {
        "backend_name": "TFIDF_SVD(dim=50)",
        "n_events": 50,
        "encoding_time_s": 0.0013575200009654509,
        "events_per_sec": 36831.86985417573,
        "raw_storage_bytes": 10000,
        "raw_storage_kb": 9.765625,
        "assoc_storage_bytes": 10000,
        "assoc_storage_kb": 9.765625,
        "n_patterns": 50,
        "assoc_vs_float32_ratio": 2.56,
        "similar_pair_sim": 0.08001957088708878,
        "dissimilar_pair_sim": 0.15045376121997833,
        "discrimination_gap": -0.07043419033288956,
        "false_positive_rate": 0.04,
        "bytes_per_unique_event": 200.0
      },
      "HDC_AssocMem": {
        "backend_name": "HDC_AssocMem (correct_retrieval=False)",
        "n_events": 50,
        "encoding_time_s": 0.07770258500022464,
        "events_per_sec": 643.47923559886,
        "raw_storage_bytes": 500000,
        "raw_storage_kb": 488.28125,
        "assoc_storage_bytes": 40000,
        "assoc_storage_kb": 39.0625,
        "n_patterns": 4,
        "assoc_vs_float32_ratio": 0.64,
        "similar_pair_sim": 0.06936637312173843,
        "dissimilar_pair_sim": 0.41663122177124023,
        "discrimination_gap": -0.3472648486495018,
        "false_positive_rate": 0.24,
        "bytes_per_unique_event": 10000.0
      }
    },
    "150": {
      "HashProjection": {
        "backend_name": "HashProjection",
        "n_events": 150,
        "encoding_time_s": 0.011491325001770747,
        "events_per_sec": 13053.325006201276,
        "raw_storage_bytes": 76800,
        "raw_storage_kb": 75.0,
        "assoc_storage_bytes": 76800,
        "assoc_storage_kb": 75.0,
        "n_patterns": 150,
        "assoc_vs_float32_ratio": 1.0,
        "similar_pair_sim": -0.20879578590393066,
        "dissimilar_pair_sim": -0.10538741201162338,
        "discrimination_gap": -0.10340837389230728,
        "false_positive_rate": 0.0,
        "bytes_per_unique_event": 512.0
      },
      "TFIDF_SVD": {
        "backend_name": "TFIDF_SVD(dim=128)",
        "n_events": 150,
        "encoding_time_s": 0.0020385120005812496,
        "events_per_sec": 73583.08411097401,
        "raw_storage_bytes": 76800,
        "raw_storage_kb": 75.0,
        "assoc_storage_bytes": 76800,
        "assoc_storage_kb": 75.0,
        "n_patterns": 150,
        "assoc_vs_float32_ratio": 1.0,
        "similar_pair_sim": 0.07874830067157745,
        "dissimilar_pair_sim": 0.1366845667362213,
        "discrimination_gap": -0.05793626606464386,
        "false_positive_rate": 0.04,
        "bytes_per_unique_event": 512.0
      },
      "HDC_AssocMem": {
        "backend_name": "HDC_AssocMem (correct_retrieval=True)",
        "n_events": 150,
        "encoding_time_s": 0.20829206700000213,
        "events_per_sec": 720.1426447028272,
        "raw_storage_bytes": 1500000,
        "raw_storage_kb": 1464.84375,
        "assoc_storage_bytes": 40000,
        "assoc_storage_kb": 39.0625,
        "n_patterns": 4,
        "assoc_vs_float32_ratio": 1.92,
        "similar_pair_sim": 0.06936637312173843,
        "dissimilar_pair_sim": 0.41663122177124023,
        "discrimination_gap": -0.3472648486495018,
        "false_positive_rate": 0.24,
        "bytes_per_unique_event": 10000.0
      }
    },
    "500": {
      "HashProjection": {
        "backend_name": "HashProjection",
        "n_events": 500,
        "encoding_time_s": 0.03686890499920992,
        "events_per_sec": 13561.563599752008,
        "raw_storage_bytes": 256000,
        "raw_storage_kb": 250.0,
        "assoc_storage_bytes": 256000,
        "assoc_storage_kb": 250.0,
        "n_patterns": 500,
        "assoc_vs_float32_ratio": 1.0,
        "similar_pair_sim": -0.20879578590393066,
        "dissimilar_pair_sim": -0.10538741201162338,
        "discrimination_gap": -0.10340837389230728,
        "false_positive_rate": 0.0,
        "bytes_per_unique_event": 512.0
      },
      "TFIDF_SVD": {
        "backend_name": "TFIDF_SVD(dim=128)",
        "n_events": 500,
        "encoding_time_s": 0.004111752999961027,
        "events_per_sec": 121602.63517889797,
        "raw_storage_bytes": 256000,
        "raw_storage_kb": 250.0,
        "assoc_storage_bytes": 256000,
        "assoc_storage_kb": 250.0,
        "n_patterns": 500,
        "assoc_vs_float32_ratio": 1.0,
        "similar_pair_sim": 0.07889783382415771,
        "dissimilar_pair_sim": 0.1281754970550537,
        "discrimination_gap": -0.049277663230895996,
        "false_positive_rate": 0.04,
        "bytes_per_unique_event": 512.0
      },
      "HDC_AssocMem": {
        "backend_name": "HDC_AssocMem (correct_retrieval=True)",
        "n_events": 500,
        "encoding_time_s": 0.6720202329997846,
        "events_per_sec": 744.0252174671655,
        "raw_storage_bytes": 5000000,
        "raw_storage_kb": 4882.8125,
        "assoc_storage_bytes": 40000,
        "assoc_storage_kb": 39.0625,
        "n_patterns": 4,
        "assoc_vs_float32_ratio": 6.4,
        "similar_pair_sim": 0.06936637312173843,
        "dissimilar_pair_sim": 0.41663122177124023,
        "discrimination_gap": -0.3472648486495018,
        "false_positive_rate": 0.24,
        "bytes_per_unique_event": 10000.0
      }
    },
    "1000": {
      "HashProjection": {
        "backend_name": "HashProjection",
        "n_events": 1000,
        "encoding_time_s": 0.08407136999994691,
        "events_per_sec": 11894.65569551955,
        "raw_storage_bytes": 512000,
        "raw_storage_kb": 500.0,
        "assoc_storage_bytes": 512000,
        "assoc_storage_kb": 500.0,
        "n_patterns": 1000,
        "assoc_vs_float32_ratio": 1.0,
        "similar_pair_sim": -0.20879578590393066,
        "dissimilar_pair_sim": -0.10538741201162338,
        "discrimination_gap": -0.10340837389230728,
        "false_positive_rate": 0.0,
        "bytes_per_unique_event": 512.0
      },
      "TFIDF_SVD": {
        "backend_name": "TFIDF_SVD(dim=128)",
        "n_events": 1000,
        "encoding_time_s": 0.01488311599860026,
        "events_per_sec": 67190.2308692648,
        "raw_storage_bytes": 512000,
        "raw_storage_kb": 500.0,
        "assoc_storage_bytes": 512000,
        "assoc_storage_kb": 500.0,
        "n_patterns": 1000,
        "assoc_vs_float32_ratio": 1.0,
        "similar_pair_sim": 0.07718479633331299,
        "dissimilar_pair_sim": 0.1261296570301056,
        "discrimination_gap": -0.0489448606967926,
        "false_positive_rate": 0.04,
        "bytes_per_unique_event": 512.0
      },
      "HDC_AssocMem": {
        "backend_name": "HDC_AssocMem (correct_retrieval=False)",
        "n_events": 1000,
        "encoding_time_s": 1.3324779739996302,
        "events_per_sec": 750.4814484837988,
        "raw_storage_bytes": 10000000,
        "raw_storage_kb": 9765.625,
        "assoc_storage_bytes": 40000,
        "assoc_storage_kb": 39.0625,
        "n_patterns": 4,
        "assoc_vs_float32_ratio": 12.8,
        "similar_pair_sim": 0.06936637312173843,
        "dissimilar_pair_sim": 0.41663122177124023,
        "discrimination_gap": -0.3472648486495018,
        "false_positive_rate": 0.24,
        "bytes_per_unique_event": 10000.0
      }
    },
    "2000": {
      "HashProjection": {
        "backend_name": "HashProjection",
        "n_events": 2000,
        "encoding_time_s": 0.16005139400112967,